"Time","All Grades ($/Gal)"
"04/1993",1.08
"05/1993",1.1
"06/1993",1.1
"07/1993",1.08
"08/1993",1.06
"09/1993",1.05
"10/1993",1.09
"11/1993",1.07
"12/1993",1.01
"01/1994",1
"02/1994",1.01
"03/1994",1.01
"04/1994",1.03
"05/1994",1.05
"06/1994",1.08
"07/1994",1.11
"08/1994",1.16
"09/1994",1.14
"10/1994",1.11
"11/1994",1.12
"12/1994",1.13
"01/1995",1.13
"02/1995",1.12
"03/1995",1.12
"04/1995",1.16
"05/1995",1.23
"06/1995",1.24
"07/1995",1.2
"08/1995",1.17
"09/1995",1.16
"10/1995",1.13
"11/1995",1.11
"12/1995",1.12
"01/1996",1.14
"02/1996",1.14
"03/1996",1.18
"04/1996",1.27
"05/1996",1.32
"06/1996",1.3
"07/1996",1.27
"08/1996",1.25
"09/1996",1.25
"10/1996",1.25
"11/1996",1.28
"12/1996",1.28
"01/1997",1.28
"02/1997",1.28
"03/1997",1.25
"04/1997",1.24
"05/1997",1.25
"06/1997",1.24
"07/1997",1.22
"08/1997",1.27
"09/1997",1.28
"10/1997",1.24
"11/1997",1.22
"12/1997",1.18
"01/1998",1.13
"02/1998",1.1
"03/1998",1.06
"04/1998",1.08
"05/1998",1.11
"06/1998",1.1
"07/1998",1.09
"08/1998",1.07
"09/1998",1.05
"10/1998",1.06
"11/1998",1.04
"12/1998",0.99
"01/1999",0.98
"02/1999",0.96
"03/1999",1.02
"04/1999",1.17
"05/1999",1.17
"06/1999",1.15
"07/1999",1.2
"08/1999",1.26
"09/1999",1.3
"10/1999",1.29
"11/1999",1.29
"12/1999",1.31
"01/2000",1.33
"02/2000",1.42
"03/2000",1.56
"04/2000",1.51
"05/2000",1.53
"06/2000",1.67
"07/2000",1.59
"08/2000",1.51
"09/2000",1.59
"10/2000",1.57
"11/2000",1.56
"12/2000",1.48
"01/2001",1.49
"02/2001",1.49
"03/2001",1.45
"04/2001",1.59
"05/2001",1.74
"06/2001",1.66
"07/2001",1.47
"08/2001",1.46
"09/2001",1.56
"10/2001",1.36
"11/2001",1.21
"12/2001",1.13
"01/2002",1.15
"02/2002",1.16
"03/2002",1.29
"04/2002",1.44
"05/2002",1.43
"06/2002",1.42
"07/2002",1.44
"08/2002",1.44
"09/2002",1.44
"10/2002",1.49
"11/2002",1.46
"12/2002",1.43
"01/2003",1.5
"02/2003",1.66
"03/2003",1.73
"04/2003",1.63
"05/2003",1.54
"06/2003",1.53
"07/2003",1.55
"08/2003",1.66
"09/2003",1.72
"10/2003",1.61
"11/2003",1.56
"12/2003",1.52
"01/2004",1.61
"02/2004",1.69
"03/2004",1.78
"04/2004",1.84
"05/2004",2.02
"06/2004",2.01
"07/2004",1.95
"08/2004",1.92
"09/2004",1.91
"10/2004",2.04
"11/2004",2.02
"12/2004",1.89
"01/2005",1.88
"02/2005",1.95
"03/2005",2.12
"04/2005",2.29
"05/2005",2.21
"06/2005",2.2
"07/2005",2.33
"08/2005",2.53
"09/2005",2.95
"10/2005",2.77
"11/2005",2.3
"12/2005",2.23
"01/2006",2.36
"02/2006",2.33
"03/2006",2.47
"04/2006",2.79
"05/2006",2.95
"06/2006",2.93
"07/2006",3.03
"08/2006",3
"09/2006",2.61
"10/2006",2.29
"11/2006",2.28
"12/2006",2.36
"01/2007",2.29
"02/2007",2.32
"03/2007",2.61
"04/2007",2.89
"05/2007",3.19
"06/2007",3.1
"07/2007",3.01
"08/2007",2.83
"09/2007",2.85
"10/2007",2.85
"11/2007",3.13
"12/2007",3.07
"01/2008",3.1
"02/2008",3.08
"03/2008",3.29
"04/2008",3.51
"05/2008",3.82
"06/2008",4.11
"07/2008",4.11
"08/2008",3.83
"09/2008",3.76
"10/2008",3.11
"11/2008",2.21
"12/2008",1.75
"01/2009",1.84
"02/2009",1.98
"03/2009",2.01
"04/2009",2.1
"05/2009",2.32
"06/2009",2.68
"07/2009",2.58
"08/2009",2.67
"09/2009",2.61
"10/2009",2.61
"11/2009",2.71
"12/2009",2.66
"01/2010",2.77
"02/2010",2.7
"03/2010",2.82
"04/2010",2.9
"05/2010",2.89
"06/2010",2.79
"07/2010",2.78
"08/2010",2.78
"09/2010",2.76
"10/2010",2.85
"11/2010",2.91
"12/2010",3.05
"01/2011",3.15
"02/2011",3.26
"03/2011",3.62
"04/2011",3.85
"05/2011",3.96
"06/2011",3.74
"07/2011",3.71
"08/2011",3.7
"09/2011",3.67
"10/2011",3.51
"11/2011",3.44
"12/2011",3.33
"01/2012",3.44
"02/2012",3.64
"03/2012",3.91
"04/2012",3.96
"05/2012",3.79
"06/2012",3.6
"07/2012",3.5
"08/2012",3.78
"09/2012",3.91
"10/2012",3.81
"11/2012",3.52
"12/2012",3.38
"01/2013",3.39
"02/2013",3.74
"03/2013",3.78
"04/2013",3.64
"05/2013",3.68
"06/2013",3.69
"07/2013",3.66
"08/2013",3.65
"09/2013",3.6
"10/2013",3.42
"11/2013",3.32
"12/2013",3.36
"01/2014",3.39
"02/2014",3.43
"03/2014",3.61
"04/2014",3.74
"05/2014",3.75
"06/2014",3.77
"07/2014",3.69
"08/2014",3.57
"09/2014",3.48
"10/2014",3.26
"11/2014",3
"12/2014",2.63
"01/2015",2.21
"02/2015",2.3
"03/2015",2.55
"04/2015",2.56
"05/2015",2.8
"06/2015",2.89
"07/2015",2.88
"08/2015",2.73
"09/2015",2.46
"10/2015",2.39
"11/2015",2.26
"12/2015",2.14
"01/2016",2.06
"02/2016",1.87
"03/2016",2.07
"04/2016",2.22
"05/2016",2.37
"06/2016",2.47
"07/2016",2.35
"08/2016",2.28
"09/2016",2.33
"10/2016",2.36
"11/2016",2.3
"12/2016",2.37
"01/2017",2.46
"02/2017",2.42
"03/2017",2.44
"04/2017",2.53
"05/2017",2.5
"06/2017",2.46
"07/2017",2.41
"08/2017",2.49
"09/2017",2.76
"10/2017",2.62
"11/2017",2.68
"12/2017",2.59
"01/2018",2.67
"02/2018",2.71
"03/2018",2.71
"04/2018",2.87
"05/2018",2.99
"06/2018",2.97
"07/2018",2.93
"08/2018",2.91
"09/2018",2.92
"10/2018",2.94
"11/2018",2.74
"12/2018",2.46
"01/2019",2.34
"02/2019",2.39
"03/2019",2.59
"04/2019",2.88
"05/2019",2.95
"06/2019",2.8
"07/2019",2.82
"08/2019",2.71
"09/2019",2.68
"10/2019",2.72
"11/2019",2.69
"12/2019",2.65
"01/2020",2.64
"02/2020",2.53
"03/2020",2.33
"04/2020",1.94
"05/2020",1.96
"06/2020",2.17
"07/2020",2.27
"08/2020",2.27
"09/2020",2.27
"10/2020",2.25
"11/2020",2.2
"12/2020",2.28
"01/2021",2.42
"02/2021",2.59
"03/2021",2.9
"04/2021",2.95
"05/2021",3.08
"06/2021",3.16
"07/2021",3.23
"08/2021",3.26
"09/2021",3.27
"10/2021",3.38
"11/2021",3.49
"12/2021",3.41
"01/2022",3.41
"02/2022",3.61
"03/2022",4.32
"04/2022",4.21
"05/2022",4.55
"06/2022",5.03
"07/2022",4.67
"08/2022",4.09
"09/2022",3.82
"10/2022",3.94
"11/2022",3.8
"12/2022",3.32
"01/2023",3.45
"02/2023",3.5
"03/2023",3.54
"04/2023",3.71
"05/2023",3.67
"06/2023",3.68
"07/2023",3.71
"08/2023",3.95
"09/2023",3.96
"10/2023",3.74
"11/2023",3.44
"12/2023",3.26
"01/2024",3.2
"02/2024",3.33
"03/2024",3.54
"04/2024",3.73
"05/2024",3.73
"06/2024",3.58
"07/2024",3.6
"08/2024",3.51
"09/2024",3.34
"10/2024",3.26
"11/2024",3.18
"12/2024",3.14
"01/2025",3.2
"02/2025",3.25
"03/2025",3.22
"04/2025",3.3
"05/2025",3.28
"06/2025",3.28
"07/2025",3.25
"08/2025",3.26
"09/2025",3.29
"10/2025",3.19
"11/2025",3.18
"12/2025",3.02
"01/2026",2.94
"02/2026",3.04
"03/2026",3.77
"04/2026",4.24
"05/2026",4.61
"06/2026",4.18
"07/2026",4.06
"08/2026",4.19
